{"v":"5.1.8","fr":23.9759979248047,"ip":0,"op":119.999989613637,"w":512,"h":512,"nm":"Circle loading","ddd":0,"assets":[],"layers":[{"ddd":0,"ind":1,"ty":4,"nm":"1","sr":1,"ks":{"o":{"a":0,"k":100,"ix":11},"r":{"a":0,"k":0,"ix":10},"p":{"a":0,"k":[259,258,0],"ix":2},"a":{"a":0,"k":[109.25,109.25,0],"ix":1},"s":{"a":1,"k":[{"i":{"x":[0.42,0.42,0.42],"y":[1,1,1]},"o":{"x":[0.58,0.58,0.58],"y":[0,0,0]},"n":["0p42_1_0p58_0","0p42_1_0p58_0","0p42_1_0p58_0"],"t":0,"s":[100,100,100],"e":[70,70,100]},{"i":{"x":[0.42,0.42,0.42],"y":[1,1,1]},"o":{"x":[0.58,0.58,0.58],"y":[0,0,0]},"n":["0p42_1_0p58_0","0p42_1_0p58_0","0p42_1_0p58_0"],"t":30,"s":[70,70,100],"e":[100,100,100]},{"i":{"x":[0.42,0.42,0.42],"y":[1,1,1]},"o":{"x":[0.58,0.58,0.58],"y":[0,0,0]},"n":["0p42_1_0p58_0","0p42_1_0p58_0","0p42_1_0p58_0"],"t":60,"s":[100,100,100],"e":[70,70,100]},{"i":{"x":[0.42,0.42,0.42],"y":[1,1,1]},"o":{"x":[0.58,0.58,0.58],"y":[0,0,0]},"n":["0p42_1_0p58_0","0p42_1_0p58_0","0p42_1_0p58_0"],"t":90,"s":[70,70,100],"e":[100,100,100]},{"t":119.999989613637}],"ix":6}},"ao":0,"shapes":[{"ty":"gr","it":[{"ind":0,"ty":"sh","ix":1,"ks":{"a":0,"k":{"i":[[0,-60.199],[60.199,0],[0,60.199],[-60.199,0]],"o":[[0,60.199],[-60.199,0],[0,-60.199],[60.199,0]],"v":[[109,0],[0,109],[-109,0],[0,-109]],"c":true},"ix":2},"nm":"Path 1","mn":"ADBE Vector Shape - Group","hd":false},{"ty":"fl","c":{"a":1,"k":[{"i":{"x":[0.42],"y":[1]},"o":{"x":[0.58],"y":[0]},"n":["0p42_1_0p58_0"],"t":0,"s":[0.176000004189,0.184000007779,0.231000010173,1],"e":[0.090534411371,0.093907661736,0.113725490868,1]},{"i":{"x":[0.42],"y":[1]},"o":{"x":[0.58],"y":[0]},"n":["0p42_1_0p58_0"],"t":30,"s":[0.090534411371,0.093907661736,0.113725490868,1],"e":[0.176000004189,0.184000007779,0.231000010173,1]},{"i":{"x":[0.42],"y":[1]},"o":{"x":[0.58],"y":[0]},"n":["0p42_1_0p58_0"],"t":60,"s":[0.176000004189,0.184000007779,0.231000010173,1],"e":[0.090534411371,0.093907661736,0.113725490868,1]},{"i":{"x":[0.42],"y":[1]},"o":{"x":[0.58],"y":[0]},"n":["0p42_1_0p58_0"],"t":90,"s":[0.090534411371,0.093907661736,0.113725490868,1],"e":[0.176000004189,0.184000007779,0.231000010173,1]},{"t":119.999989613637}],"ix":4},"o":{"a":0,"k":100,"ix":5},"r":1,"nm":"Fill 1","mn":"ADBE Vector Graphic - Fill","hd":false},{"ty":"tr","p":{"a":0,"k":[109.25,109.25],"ix":2},"a":{"a":0,"k":[0,0],"ix":1},"s":{"a":0,"k":[100,100],"ix":3},"r":{"a":0,"k":0,"ix":6},"o":{"a":0,"k":100,"ix":7},"sk":{"a":0,"k":0,"ix":4},"sa":{"a":0,"k":0,"ix":5},"nm":"Transform"}],"nm":"Group 1","np":2,"cix":2,"ix":1,"mn":"ADBE Vector Group","hd":false}],"ip":0,"op":119.999989613637,"st":0,"bm":0},{"ddd":0,"ind":2,"ty":4,"nm":"2","sr":1,"ks":{"o":{"a":1,"k":[{"i":{"x":[0.42],"y":[1]},"o":{"x":[0.58],"y":[0]},"n":["0p42_1_0p58_0"],"t":0,"s":[70],"e":[35]},{"i":{"x":[0.42],"y":[1]},"o":{"x":[0.58],"y":[0]},"n":["0p42_1_0p58_0"],"t":30,"s":[35],"e":[70]},{"i":{"x":[0.42],"y":[1]},"o":{"x":[0.58],"y":[0]},"n":["0p42_1_0p58_0"],"t":60,"s":[70],"e":[35]},{"i":{"x":[0.42],"y":[1]},"o":{"x":[0.58],"y":[0]},"n":["0p42_1_0p58_0"],"t":90,"s":[35],"e":[70]},{"t":119.999989613637}],"ix":11},"r":{"a":0,"k":0,"ix":10},"p":{"a":0,"k":[259,256,0],"ix":2},"a":{"a":0,"k":[139.25,139.25,0],"ix":1},"s":{"a":0,"k":[100,100,100],"ix":6}},"ao":0,"shapes":[{"ty":"gr","it":[{"ind":0,"ty":"sh","ix":1,"ks":{"a":0,"k":{"i":[[0,-76.768],[76.768,0],[0,76.768],[-76.768,0]],"o":[[0,76.768],[-76.768,0],[0,-76.768],[76.768,0]],"v":[[139,0],[0,139],[-139,0],[0,-139]],"c":true},"ix":2},"nm":"Path 1","mn":"ADBE Vector Shape - Group","hd":false},{"ty":"fl","c":{"a":0,"k":[0.176000004189,0.184000007779,0.231000010173,1],"ix":4},"o":{"a":0,"k":100,"ix":5},"r":1,"nm":"Fill 1","mn":"ADBE Vector Graphic - Fill","hd":false},{"ty":"tr","p":{"a":0,"k":[139.25,139.25],"ix":2},"a":{"a":0,"k":[0,0],"ix":1},"s":{"a":0,"k":[100,100],"ix":3},"r":{"a":0,"k":0,"ix":6},"o":{"a":0,"k":100,"ix":7},"sk":{"a":0,"k":0,"ix":4},"sa":{"a":0,"k":0,"ix":5},"nm":"Transform"}],"nm":"Group 1","np":2,"cix":2,"ix":1,"mn":"ADBE Vector Group","hd":false}],"ip":0,"op":119.999989613637,"st":-0.99999991344698,"bm":0},{"ddd":0,"ind":3,"ty":4,"nm":"3","sr":1,"ks":{"o":{"a":1,"k":[{"i":{"x":[0.42],"y":[1]},"o":{"x":[0.58],"y":[0]},"n":["0p42_1_0p58_0"],"t":0,"s":[40],"e":[20]},{"i":{"x":[0.42],"y":[1]},"o":{"x":[0.58],"y":[0]},"n":["0p42_1_0p58_0"],"t":30,"s":[20],"e":[40]},{"i":{"x":[0.42],"y":[1]},"o":{"x":[0.58],"y":[0]},"n":["0p42_1_0p58_0"],"t":60,"s":[40],"e":[20]},{"i":{"x":[0.42],"y":[1]},"o":{"x":[0.58],"y":[0]},"n":["0p42_1_0p58_0"],"t":90,"s":[20],"e":[40]},{"t":119.999989613637}],"ix":11},"r":{"a":0,"k":0,"ix":10},"p":{"a":0,"k":[259,256,0],"ix":2},"a":{"a":0,"k":[169.25,169.25,0],"ix":1},"s":{"a":0,"k":[100,100,100],"ix":6}},"ao":0,"shapes":[{"ty":"gr","it":[{"ind":0,"ty":"sh","ix":1,"ks":{"a":0,"k":{"i":[[0,-93.336],[93.336,0],[0,93.336],[-93.336,0]],"o":[[0,93.336],[-93.336,0],[0,-93.336],[93.336,0]],"v":[[169,0],[0,169],[-169,0],[0,-169]],"c":true},"ix":2},"nm":"Path 1","mn":"ADBE Vector Shape - Group","hd":false},{"ty":"fl","c":{"a":0,"k":[0.176000004189,0.184000007779,0.231000010173,1],"ix":4},"o":{"a":0,"k":100,"ix":5},"r":1,"nm":"Fill 1","mn":"ADBE Vector Graphic - Fill","hd":false},{"ty":"tr","p":{"a":0,"k":[169.25,169.25],"ix":2},"a":{"a":0,"k":[0,0],"ix":1},"s":{"a":0,"k":[100,100],"ix":3},"r":{"a":0,"k":0,"ix":6},"o":{"a":0,"k":100,"ix":7},"sk":{"a":0,"k":0,"ix":4},"sa":{"a":0,"k":0,"ix":5},"nm":"Transform"}],"nm":"Group 1","np":2,"cix":2,"ix":1,"mn":"ADBE Vector Group","hd":false}],"ip":0,"op":119.999989613637,"st":0,"bm":0},{"ddd":0,"ind":4,"ty":4,"nm":"4","sr":1,"ks":{"o":{"a":1,"k":[{"i":{"x":[0.42],"y":[1]},"o":{"x":[0.58],"y":[0]},"n":["0p42_1_0p58_0"],"t":0,"s":[20],"e":[15]},{"i":{"x":[0.42],"y":[1]},"o":{"x":[0.58],"y":[0]},"n":["0p42_1_0p58_0"],"t":30,"s":[15],"e":[20]},{"i":{"x":[0.42],"y":[1]},"o":{"x":[0.58],"y":[0]},"n":["0p42_1_0p58_0"],"t":60,"s":[20],"e":[15]},{"i":{"x":[0.42],"y":[1]},"o":{"x":[0.58],"y":[0]},"n":["0p42_1_0p58_0"],"t":90,"s":[15],"e":[20]},{"t":119.999989613637}],"ix":11},"r":{"a":0,"k":0,"ix":10},"p":{"a":0,"k":[259,256,0],"ix":2},"a":{"a":0,"k":[199.25,199.25,0],"ix":1},"s":{"a":0,"k":[100,100,100],"ix":6}},"ao":0,"shapes":[{"ty":"gr","it":[{"ind":0,"ty":"sh","ix":1,"ks":{"a":0,"k":{"i":[[0,-109.905],[109.904,0],[0,109.904],[-109.905,0]],"o":[[0,109.904],[-109.905,0],[0,-109.905],[109.904,0]],"v":[[199,0],[0,199],[-199,0],[0,-199]],"c":true},"ix":2},"nm":"Path 1","mn":"ADBE Vector Shape - Group","hd":false},{"ty":"fl","c":{"a":0,"k":[0.176000004189,0.184000007779,0.231000010173,1],"ix":4},"o":{"a":0,"k":100,"ix":5},"r":1,"nm":"Fill 1","mn":"ADBE Vector Graphic - Fill","hd":false},{"ty":"tr","p":{"a":0,"k":[199.25,199.25],"ix":2},"a":{"a":0,"k":[0,0],"ix":1},"s":{"a":0,"k":[100,100],"ix":3},"r":{"a":0,"k":0,"ix":6},"o":{"a":0,"k":100,"ix":7},"sk":{"a":0,"k":0,"ix":4},"sa":{"a":0,"k":0,"ix":5},"nm":"Transform"}],"nm":"Group 1","np":2,"cix":2,"ix":1,"mn":"ADBE Vector Group","hd":false}],"ip":0,"op":119.999989613637,"st":0,"bm":0},{"ddd":0,"ind":5,"ty":4,"nm":"5","sr":1,"ks":{"o":{"a":1,"k":[{"i":{"x":[0.42],"y":[1]},"o":{"x":[0.58],"y":[0]},"n":["0p42_1_0p58_0"],"t":0,"s":[20],"e":[5]},{"i":{"x":[0.42],"y":[1]},"o":{"x":[0.58],"y":[0]},"n":["0p42_1_0p58_0"],"t":30,"s":[5],"e":[20]},{"i":{"x":[0.42],"y":[1]},"o":{"x":[0.58],"y":[0]},"n":["0p42_1_0p58_0"],"t":60,"s":[20],"e":[5]},{"i":{"x":[0.42],"y":[1]},"o":{"x":[0.58],"y":[0]},"n":["0p42_1_0p58_0"],"t":90,"s":[5],"e":[20]},{"t":119.999989613637}],"ix":11},"r":{"a":0,"k":0,"ix":10},"p":{"a":0,"k":[257.5,256,0],"ix":2},"a":{"a":0,"k":[227.75,227.75,0],"ix":1},"s":{"a":0,"k":[100,100,100],"ix":6}},"ao":0,"shapes":[{"ty":"gr","it":[{"ind":0,"ty":"sh","ix":1,"ks":{"a":0,"k":{"i":[[0,-125.645],[125.645,0],[0,125.645],[-125.645,0]],"o":[[0,125.645],[-125.645,0],[0,-125.645],[125.645,0]],"v":[[227.5,0],[0,227.5],[-227.5,0],[0,-227.5]],"c":true},"ix":2},"nm":"Path 1","mn":"ADBE Vector Shape - Group","hd":false},{"ty":"fl","c":{"a":0,"k":[0.176000004189,0.184000007779,0.231000010173,1],"ix":4},"o":{"a":0,"k":100,"ix":5},"r":1,"nm":"Fill 1","mn":"ADBE Vector Graphic - Fill","hd":false},{"ty":"tr","p":{"a":0,"k":[227.75,227.75],"ix":2},"a":{"a":0,"k":[0,0],"ix":1},"s":{"a":0,"k":[100,100],"ix":3},"r":{"a":0,"k":0,"ix":6},"o":{"a":0,"k":100,"ix":7},"sk":{"a":0,"k":0,"ix":4},"sa":{"a":0,"k":0,"ix":5},"nm":"Transform"}],"nm":"Group 1","np":2,"cix":2,"ix":1,"mn":"ADBE Vector Group","hd":false}],"ip":0,"op":119.999989613637,"st":0,"bm":0},{"ddd":0,"ind":6,"ty":4,"nm":"6","sr":1,"ks":{"o":{"a":1,"k":[{"i":{"x":[0.42],"y":[1]},"o":{"x":[0.58],"y":[0]},"n":["0p42_1_0p58_0"],"t":0,"s":[15],"e":[0]},{"i":{"x":[0.42],"y":[1]},"o":{"x":[0.58],"y":[0]},"n":["0p42_1_0p58_0"],"t":30,"s":[0],"e":[15]},{"i":{"x":[0.42],"y":[1]},"o":{"x":[0.58],"y":[0]},"n":["0p42_1_0p58_0"],"t":60,"s":[15],"e":[0]},{"i":{"x":[0.42],"y":[1]},"o":{"x":[0.58],"y":[0]},"n":["0p42_1_0p58_0"],"t":90,"s":[0],"e":[15]},{"t":119.999989613637}],"ix":11},"r":{"a":0,"k":0,"ix":10},"p":{"a":0,"k":[256,256,0],"ix":2},"a":{"a":0,"k":[256.25,256.25,0],"ix":1},"s":{"a":0,"k":[100,100,100],"ix":6}},"ao":0,"shapes":[{"ty":"gr","it":[{"ind":0,"ty":"sh","ix":1,"ks":{"a":0,"k":{"i":[[0,-141.385],[141.385,0],[0,141.385],[-141.385,0]],"o":[[0,141.385],[-141.385,0],[0,-141.385],[141.385,0]],"v":[[256,0],[0,256],[-256,0],[0,-256]],"c":true},"ix":2},"nm":"Path 1","mn":"ADBE Vector Shape - Group","hd":false},{"ty":"fl","c":{"a":0,"k":[0.176000004189,0.184000007779,0.231000010173,1],"ix":4},"o":{"a":0,"k":100,"ix":5},"r":1,"nm":"Fill 1","mn":"ADBE Vector Graphic - Fill","hd":false},{"ty":"tr","p":{"a":0,"k":[256.25,256.25],"ix":2},"a":{"a":0,"k":[0,0],"ix":1},"s":{"a":0,"k":[100,100],"ix":3},"r":{"a":0,"k":0,"ix":6},"o":{"a":0,"k":100,"ix":7},"sk":{"a":0,"k":0,"ix":4},"sa":{"a":0,"k":0,"ix":5},"nm":"Transform"}],"nm":"Group 1","np":2,"cix":2,"ix":1,"mn":"ADBE Vector Group","hd":false}],"ip":0,"op":119.999989613637,"st":0,"bm":0}],"markers":[]}