{"v":"5.1.7","fr":74,"ip":0,"op":131,"w":96,"h":112,"nm":"loader2","ddd":0,"assets":[],"layers":[{"ddd":0,"ind":1,"ty":4,"nm":"Shape Layer 4","sr":1,"ks":{"o":{"a":0,"k":100,"ix":11},"r":{"a":0,"k":0,"ix":10},"p":{"a":0,"k":[48.75,56.25,0],"ix":2},"a":{"a":0,"k":[0,0,0],"ix":1},"s":{"a":0,"k":[100,100,100],"ix":6}},"ao":0,"shapes":[{"ty":"gr","it":[{"d":1,"ty":"el","s":{"a":0,"k":[46,46],"ix":2},"p":{"a":0,"k":[0,0],"ix":3},"nm":"Ellipse Path 1","mn":"ADBE Vector Shape - Ellipse","hd":false},{"ty":"st","c":{"a":0,"k":[0.980392156863,0.56862745098,0.035294117647,1],"ix":3},"o":{"a":0,"k":100,"ix":4},"w":{"a":0,"k":0.5,"ix":5},"lc":1,"lj":1,"ml":4,"nm":"Stroke 1","mn":"ADBE Vector Graphic - Stroke","hd":false},{"ty":"tr","p":{"a":0,"k":[-0.75,-0.25],"ix":2},"a":{"a":0,"k":[0,0],"ix":1},"s":{"a":0,"k":[110.829,110.829],"ix":3},"r":{"a":0,"k":0,"ix":6},"o":{"a":0,"k":100,"ix":7},"sk":{"a":0,"k":0,"ix":4},"sa":{"a":0,"k":0,"ix":5},"nm":"Transform"}],"nm":"Ellipse 1","np":3,"cix":2,"ix":1,"mn":"ADBE Vector Group","hd":false},{"ty":"tm","s":{"a":1,"k":[{"i":{"x":[0.074],"y":[1.063]},"o":{"x":[0.841],"y":[-0.031]},"n":["0p074_1p063_0p841_-0p031"],"t":90,"s":[0],"e":[100]},{"t":128}],"ix":1},"e":{"a":1,"k":[{"i":{"x":[0.17],"y":[0.793]},"o":{"x":[0.594],"y":[1.079]},"n":["0p17_0p793_0p594_1p079"],"t":95,"s":[0],"e":[100]},{"t":128}],"ix":2},"o":{"a":0,"k":0,"ix":3},"m":1,"ix":2,"nm":"Trim Paths 1","mn":"ADBE Vector Filter - Trim","hd":false}],"ip":90,"op":132,"st":90,"bm":0},{"ddd":0,"ind":2,"ty":4,"nm":"Loader_new22 Outlines","sr":1,"ks":{"o":{"a":1,"k":[{"i":{"x":[0.833],"y":[0.833]},"o":{"x":[0.167],"y":[0.167]},"n":["0p833_0p833_0p167_0p167"],"t":79,"s":[100],"e":[0]},{"t":97}],"ix":11},"r":{"a":0,"k":0,"ix":10},"p":{"a":0,"k":[48.778,56.729,0],"ix":2},"a":{"a":0,"k":[52.5,52.5,0],"ix":1},"s":{"a":1,"k":[{"i":{"x":[0.285,0.285,0.667],"y":[1.062,1.062,1]},"o":{"x":[0.808,0.808,0.333],"y":[0.409,0.409,0]},"n":["0p285_1p062_0p808_0p409","0p285_1p062_0p808_0p409","0p667_1_0p333_0"],"t":57,"s":[0,0,100],"e":[63,63,100]},{"t":81}],"ix":6}},"ao":0,"shapes":[{"ty":"gr","it":[{"ind":0,"ty":"sh","ix":1,"ks":{"a":0,"k":{"i":[[0,-22.92],[22.92,0],[0,22.92],[-22.92,0]],"o":[[0,22.92],[-22.92,0],[0,-22.92],[22.92,0]],"v":[[41.5,0],[0,41.5],[-41.5,0],[0,-41.5]],"c":true},"ix":2},"nm":"Path 1","mn":"ADBE Vector Shape - Group","hd":false},{"ty":"st","c":{"a":0,"k":[0.980392156863,0.56862745098,0.035294117647,1],"ix":3},"o":{"a":0,"k":100,"ix":4},"w":{"a":0,"k":1,"ix":5},"lc":2,"lj":2,"d":[{"n":"d","nm":"dash","v":{"a":0,"k":4,"ix":1}},{"n":"g","nm":"gap","v":{"a":0,"k":4,"ix":2}},{"n":"o","nm":"offset","v":{"a":0,"k":0,"ix":7}}],"nm":"Stroke 1","mn":"ADBE Vector Graphic - Stroke","hd":false},{"ty":"tr","p":{"a":0,"k":[52.314,52.315],"ix":2},"a":{"a":0,"k":[0,0],"ix":1},"s":{"a":0,"k":[100,100],"ix":3},"r":{"a":0,"k":0,"ix":6},"o":{"a":0,"k":100,"ix":7},"sk":{"a":0,"k":0,"ix":4},"sa":{"a":0,"k":0,"ix":5},"nm":"Transform"}],"nm":"Group 1","np":2,"cix":2,"ix":1,"mn":"ADBE Vector Group","hd":false}],"ip":57,"op":132,"st":57,"bm":0},{"ddd":0,"ind":3,"ty":4,"nm":"Shape Layer 2","sr":1,"ks":{"o":{"a":1,"k":[{"i":{"x":[0.833],"y":[1]},"o":{"x":[0.333],"y":[0]},"n":["0p833_1_0p333_0"],"t":57,"s":[0],"e":[100]},{"i":{"x":[0.833],"y":[1]},"o":{"x":[0.167],"y":[0]},"n":["0p833_1_0p167_0"],"t":79,"s":[100],"e":[0]},{"t":93}],"ix":11},"r":{"a":0,"k":0,"ix":10},"p":{"a":0,"k":[47.91,56.141,0],"ix":2},"a":{"a":0,"k":[1.408,4.431,0],"ix":1},"s":{"a":1,"k":[{"i":{"x":[0.478,0.478,0.731],"y":[0.9,0.899,4.93]},"o":{"x":[0.684,0.684,0.159],"y":[0.111,0.112,-7.816]},"n":["0p478_0p9_0p684_0p111","0p478_0p899_0p684_0p112","0p731_4p93_0p159_-7p816"],"t":57,"s":[127.778,127.778,100],"e":[1045.489,1033.382,100]},{"t":77}],"ix":6}},"ao":0,"shapes":[{"ty":"gr","it":[{"ind":0,"ty":"sh","ix":1,"ks":{"a":0,"k":{"i":[[1.243,0],[0,-1.243],[-1.243,0],[0,1.243]],"o":[[-1.243,0],[0,1.243],[1.243,0],[0,-1.243]],"v":[[0,-2.25],[-2.25,0],[0,2.25],[2.25,0]],"c":true},"ix":2},"nm":"Path 1","mn":"ADBE Vector Shape - Group","hd":false},{"ty":"fl","c":{"a":0,"k":[0.96862745098,0.660945817536,0,1],"ix":4},"o":{"a":0,"k":25,"ix":5},"r":1,"nm":"Fill 1","mn":"ADBE Vector Graphic - Fill","hd":false},{"ty":"tr","p":{"a":0,"k":[1.5,4.5],"ix":2},"a":{"a":0,"k":[0,0],"ix":1},"s":{"a":0,"k":[100,100],"ix":3},"r":{"a":0,"k":0,"ix":6},"o":{"a":0,"k":100,"ix":7},"sk":{"a":0,"k":0,"ix":4},"sa":{"a":0,"k":0,"ix":5},"nm":"Transform"}],"nm":"Ellipse 1","np":3,"cix":2,"ix":1,"mn":"ADBE Vector Group","hd":false}],"ip":57,"op":132,"st":57,"bm":0},{"ddd":0,"ind":4,"ty":4,"nm":"Shape Layer 6","sr":1,"ks":{"o":{"a":1,"k":[{"i":{"x":[0.667],"y":[1]},"o":{"x":[0.333],"y":[0]},"n":["0p667_1_0p333_0"],"t":107,"s":[100],"e":[0]},{"t":126}],"ix":11},"r":{"a":0,"k":0,"ix":10},"p":{"a":0,"k":[47.777,55.833,0],"ix":2},"a":{"a":0,"k":[1.47,4.402,0],"ix":1},"s":{"a":1,"k":[{"i":{"x":[0.833,0.833,0.833],"y":[1,1,1]},"o":{"x":[1,1,0.333],"y":[-0.014,-0.014,0]},"n":["0p833_1_1_-0p014","0p833_1_1_-0p014","0p833_1_0p333_0"],"t":106,"s":[171,171,100],"e":[1995.574,1995.574,100]},{"t":127}],"ix":6}},"ao":0,"shapes":[{"ty":"gr","it":[{"ind":0,"ty":"sh","ix":1,"ks":{"a":0,"k":{"i":[[1.243,0],[0,-1.243],[-1.243,0],[0,1.243]],"o":[[-1.243,0],[0,1.243],[1.243,0],[0,-1.243]],"v":[[0,-2.25],[-2.25,0],[0,2.25],[2.25,0]],"c":true},"ix":2},"nm":"Path 1","mn":"ADBE Vector Shape - Group","hd":false},{"ty":"fl","c":{"a":0,"k":[0.980392156863,0.56862745098,0.035294117647,1],"ix":4},"o":{"a":0,"k":100,"ix":5},"r":1,"nm":"Fill 1","mn":"ADBE Vector Graphic - Fill","hd":false},{"ty":"tr","p":{"a":0,"k":[1.5,4.5],"ix":2},"a":{"a":0,"k":[0,0],"ix":1},"s":{"a":0,"k":[100,100],"ix":3},"r":{"a":0,"k":0,"ix":6},"o":{"a":0,"k":100,"ix":7},"sk":{"a":0,"k":0,"ix":4},"sa":{"a":0,"k":0,"ix":5},"nm":"Transform"}],"nm":"Ellipse 1","np":3,"cix":2,"ix":1,"mn":"ADBE Vector Group","hd":false}],"ip":106,"op":132,"st":106,"bm":0},{"ddd":0,"ind":5,"ty":4,"nm":"Shape Layer 1","sr":1,"ks":{"o":{"a":0,"k":100,"ix":11},"r":{"a":0,"k":0,"ix":10},"p":{"a":0,"k":[47.572,55.887,0],"ix":2},"a":{"a":0,"k":[1.37,4.402,0],"ix":1},"s":{"a":1,"k":[{"i":{"x":[0.667,0.667,0.667],"y":[1,1,1]},"o":{"x":[1,1,0.333],"y":[0,0,0]},"n":["0p667_1_1_0","0p667_1_1_0","0p667_1_0p333_0"],"t":1,"s":[127.778,127.778,100],"e":[171,171,100]},{"i":{"x":[0.833,0.833,0.833],"y":[1,1,1]},"o":{"x":[0.333,0.333,0.333],"y":[0,0,0]},"n":["0p833_1_0p333_0","0p833_1_0p333_0","0p833_1_0p333_0"],"t":20,"s":[171,171,100],"e":[127.778,127.778,100]},{"i":{"x":[0.667,0.667,0.667],"y":[1,1,1]},"o":{"x":[1,1,0.333],"y":[0,0,0]},"n":["0p667_1_1_0","0p667_1_1_0","0p667_1_0p333_0"],"t":39,"s":[127.778,127.778,100],"e":[171,171,100]},{"i":{"x":[0.833,0.833,0.833],"y":[1,1,1]},"o":{"x":[0.167,0.167,0.167],"y":[0,0,0]},"n":["0p833_1_0p167_0","0p833_1_0p167_0","0p833_1_0p167_0"],"t":57,"s":[171,171,100],"e":[408,408,100]},{"i":{"x":[0.833,0.833,0.833],"y":[1,1,1]},"o":{"x":[0.167,0.167,0.167],"y":[0,0,0]},"n":["0p833_1_0p167_0","0p833_1_0p167_0","0p833_1_0p167_0"],"t":69,"s":[408,408,100],"e":[408,408,100]},{"i":{"x":[0.833,0.833,0.833],"y":[1,1,1]},"o":{"x":[0.167,0.167,0.167],"y":[0,0,0]},"n":["0p833_1_0p167_0","0p833_1_0p167_0","0p833_1_0p167_0"],"t":89,"s":[408,408,100],"e":[127,127,100]},{"t":121}],"ix":6}},"ao":0,"shapes":[{"ty":"gr","it":[{"ind":0,"ty":"sh","ix":1,"ks":{"a":0,"k":{"i":[[1.243,0],[0,-1.243],[-1.243,0],[0,1.243]],"o":[[-1.243,0],[0,1.243],[1.243,0],[0,-1.243]],"v":[[0,-2.25],[-2.25,0],[0,2.25],[2.25,0]],"c":true},"ix":2},"nm":"Path 1","mn":"ADBE Vector Shape - Group","hd":false},{"ty":"fl","c":{"a":0,"k":[0.980392156863,0.568695307713,0.034602075465,1],"ix":4},"o":{"a":0,"k":100,"ix":5},"r":1,"nm":"Fill 1","mn":"ADBE Vector Graphic - Fill","hd":false},{"ty":"tr","p":{"a":0,"k":[1.5,4.5],"ix":2},"a":{"a":0,"k":[0,0],"ix":1},"s":{"a":0,"k":[100,100],"ix":3},"r":{"a":0,"k":0,"ix":6},"o":{"a":0,"k":100,"ix":7},"sk":{"a":0,"k":0,"ix":4},"sa":{"a":0,"k":0,"ix":5},"nm":"Transform"}],"nm":"Ellipse 1","np":3,"cix":2,"ix":1,"mn":"ADBE Vector Group","hd":false}],"ip":0,"op":132,"st":0,"bm":0}],"markers":[]}